,Average Instances,Median Instances
Paper-Carton,1.0972665956691516,1545.5
Metal,0.6741214057507987,949.5
Plastic,0.7152999645012424,1007.5
